hID,cID,Charge,Violent,Judge,Bond,Type,Date
4155204838,4155205457,TRAFFIC MAJOR,NO,Peggy Chiampas,50000,D,7/5/16
4155204436,4155205459,TRAFFIC MAJOR,NO,Peggy Chiampas,2000,D,7/5/16
4155204496,4155205464,TRAFFIC MAJOR,NO,Peggy Chiampas,1000,D,7/5/16
4155204607,4155205467,DRUG DELIVERY,NO,Peggy Chiampas,10000,D,7/5/16
4155205062,4155205481,WEAPON RELATED,NO,Peggy Chiampas,10000,D,7/5/16
4155204772,4155205488,WEAPON RELATED,NO,Peggy Chiampas,75000,D,7/5/16
4155204784,4155205489,WEAPON RELATED,NO,Peggy Chiampas,10000,D,7/5/16
4155204558,4155205490,WEAPON RELATED,NO,Peggy Chiampas,10000,D,7/5/16
4155205124,4155205494,WEAPON RELATED,NO,Peggy Chiampas,25000,D,7/5/16
4155204582,4155205497,TRAFFIC MAJOR,NO,Peggy Chiampas,5000,D,7/5/16
4155204582,4155205498,TRAFFIC MAJOR,NO,Peggy Chiampas,5000,D,7/5/16
4155203922,4155205502,TRAFFIC MAJOR,NO,Peggy Chiampas,10000,D,7/5/16
4155203922,4155205505,WEAPON RELATED,NO,Peggy Chiampas,10000,D,7/5/16
4155203906,4155205508,DRUG DELIVERY,NO,Peggy Chiampas,10000,D,7/5/16
4155205429,4155205672,WEAPON RELATED,NO,Peggy Chiampas,350000,D,7/6/16
4155204468,4155205674,WEAPON RELATED,NO,Peggy Chiampas,15000,D,7/6/16
4155205348,4155205675,WEAPON RELATED,NO,Peggy Chiampas,25000,D,7/6/16
4155205133,4155205686,DRUG POSSESSION,NO,Peggy Chiampas,100000,D,7/6/16
4155204370,4155205689,DRUG POSSESSION,NO,Peggy Chiampas,2000,D,7/6/16
4155204186,4155205690,DRUG POSSESSION,NO,Peggy Chiampas,10000,D,7/6/16
4155203869,4155205691,TRAFFIC MAJOR,NO,Peggy Chiampas,10000,D,7/6/16
4155204151,4155205692,DRUG POSSESSION,NO,Peggy Chiampas,10000,D,7/6/16
4155205159,4155205693,THEFT,NO,Peggy Chiampas,5000,D,7/6/16
4155203973,4155205695,DRUG POSSESSION,NO,Peggy Chiampas,25000,D,7/6/16
4155204461,4155205699,TRAFFIC MAJOR,NO,Peggy Chiampas,5000,D,7/6/16
4155204461,4155205700,TRAFFIC MAJOR,NO,Peggy Chiampas,5000,D,7/6/16
4155205059,4155205706,DRUG POSSESSION,NO,Peggy Chiampas,10000,D,7/6/16
4155204889,4155205708,WEAPON RELATED,NO,Peggy Chiampas,150000,D,7/6/16
4155204317,4155205709,DRUG POSSESSION,NO,Peggy Chiampas,10000,D,7/6/16
4155204317,4155205711,TRAFFIC MAJOR,NO,Peggy Chiampas,10000,D,7/6/16
4155204729,4155205713,WEAPON RELATED,NO,Peggy Chiampas,100000,D,7/6/16
4155204142,4155205714,DRUG POSSESSION,NO,Peggy Chiampas,10000,D,7/6/16
4155204170,4155205715,WEAPON RELATED,NO,Peggy Chiampas,50000,D,7/6/16
4155204710,4155205719,TRAFFIC MAJOR,NO,Peggy Chiampas,5000,D,7/6/16
4155204437,4155205722,DRUG POSSESSION,NO,Peggy Chiampas,5000,D,7/6/16
4155204347,4155205725,DRUG POSSESSION,NO,Peggy Chiampas,50000,D,7/6/16
4155204415,4155205726,TRAFFIC MAJOR,NO,Peggy Chiampas,50000,D,7/6/16
4155204315,4155205727,DRUG DELIVERY,NO,Peggy Chiampas,10000,D,7/6/16
4155204733,4155205732,WEAPON RELATED,NO,Peggy Chiampas,75000,D,7/6/16
4155204682,4155205736,TRAFFIC MAJOR,NO,Peggy Chiampas,10000,D,7/6/16
4155205396,4155205737,DRUG DELIVERY,NO,Peggy Chiampas,5000,D,7/6/16
4155204652,4155205738,DRUG POSSESSION,NO,Peggy Chiampas,250000,D,7/6/16
4155204652,4155205739,TRAFFIC MAJOR,NO,Peggy Chiampas,250000,D,7/6/16
4155204652,4155205740,TRAFFIC MAJOR,NO,Peggy Chiampas,250000,D,7/6/16
4155204306,4155205742,DRUG POSSESSION,NO,Laura Sullivan,75000,D,7/7/16
4155204723,4155205745,DRUG DELIVERY,NO,Laura Sullivan,25000,D,7/7/16
4155205190,4155205748,BATTERY,YES,Laura Sullivan,300000,D,7/7/16
4155205190,4155205749,BATTERY,YES,Laura Sullivan,300000,D,7/7/16
4155204720,4155205752,WEAPON RELATED,NO,Laura Sullivan,25000,D,7/7/16
4155204535,4155205753,BATTERY,YES,Laura Sullivan,25000,D,7/7/16
4155204465,4155205754,BATTERY,YES,Laura Sullivan,125000,D,7/7/16
4155204559,4155205755,DRUG POSSESSION,NO,Laura Sullivan,10000,D,7/7/16
4155204700,4155205759,DRUG POSSESSION,NO,Laura Sullivan,75000,D,7/7/16
4155204700,4155205760,WEAPON RELATED,NO,Laura Sullivan,75000,D,7/7/16
4155203908,4155205761,TRAFFIC MAJOR,NO,Laura Sullivan,10000,D,7/7/16
4155204831,4155205763,WEAPON RELATED,NO,Laura Sullivan,70000,D,7/7/16
4155204653,4155205765,BATTERY,YES,Laura Sullivan,500000,D,7/7/16
4155204800,4155205911,BATTERY,YES,Peggy Chiampas,350000,D,7/11/16
4155204800,4155205912,BATTERY,YES,Peggy Chiampas,350000,D,7/11/16
4155204800,4155205913,BATTERY,YES,Peggy Chiampas,350000,D,7/11/16
4155204800,4155205914,BATTERY,YES,Peggy Chiampas,350000,D,7/11/16
4155205344,4155205918,BATTERY,YES,Peggy Chiampas,100000,D,7/11/16
4155205344,4155205920,BATTERY,YES,Peggy Chiampas,100000,D,7/11/16
4155205344,4155205921,BATTERY,YES,Peggy Chiampas,100000,D,7/11/16
4155204666,4155205922,BATTERY,YES,Peggy Chiampas,150000,D,7/11/16
4155204279,4155205927,THEFT,NO,Peggy Chiampas,2000,D,7/11/16
4155204349,4155205931,TRAFFIC MAJOR,NO,Peggy Chiampas,350000,D,7/11/16
4155205195,4155205937,BATTERY,YES,Peggy Chiampas,500000,D,7/11/16
4155204849,4155205941,TRAFFIC MAJOR,NO,Peggy Chiampas,5000,D,7/11/16
4155205445,4155205980,DRUG POSSESSION,NO,Laura Sullivan,50000,D,7/7/16
4155205445,4155205981,BATTERY,YES,Laura Sullivan,50000,D,7/7/16
4155203896,4155205983,DRUG POSSESSION,NO,Laura Sullivan,200000,D,7/7/16
4155203896,4155205984,DRUG POSSESSION,NO,Laura Sullivan,200000,D,7/7/16
4155203896,4155205985,DRUG POSSESSION,NO,Laura Sullivan,200000,D,7/7/16
4155205009,4155205987,DRUG POSSESSION,NO,Laura Sullivan,15000,D,7/7/16
4155205307,4155205988,DRUG POSSESSION,NO,Laura Sullivan,10000,D,7/7/16
4155205307,4155205989,DRUG POSSESSION,NO,Laura Sullivan,10000,D,7/7/16
4155204902,4155205990,DRUG POSSESSION,NO,Laura Sullivan,5000,D,7/7/16
4155204902,4155205991,DRUG POSSESSION,NO,Laura Sullivan,5000,D,7/7/16
4155204024,4155205992,DRUG POSSESSION,NO,Laura Sullivan,25000,D,7/7/16
4155204389,4155205993,THEFT,NO,Laura Sullivan,50000,D,7/7/16
4155204969,4155205995,BATTERY,YES,Laura Sullivan,150000,D,7/7/16
4155204969,4155205996,WEAPON RELATED,NO,Laura Sullivan,150000,D,7/7/16
4155204638,4155206000,DRUG POSSESSION,NO,Laura Sullivan,100000,D,7/7/16
4155204162,4155206002,DRUG POSSESSION,NO,Laura Sullivan,150000,D,7/7/16
4155204102,4155206004,THEFT,NO,Laura Sullivan,25000,D,7/7/16
4155204673,4155206035,WEAPON RELATED,NO,Laura Sullivan,60000,D,7/7/16
4155204864,4155206036,TRAFFIC MAJOR,NO,Laura Sullivan,40000,D,7/7/16
4155204577,4155206040,WEAPON RELATED,NO,Laura Sullivan,75000,D,7/7/16
4155205437,4155206041,WEAPON RELATED,NO,Laura Sullivan,100000,D,7/7/16
4155203966,4155206043,WEAPON RELATED,NO,Laura Sullivan,70000,D,7/7/16
4155204712,4155206045,BATTERY,YES,Laura Sullivan,750000,D,7/7/16
4155204712,4155206046,BATTERY,YES,Laura Sullivan,750000,D,7/7/16
4155205268,4155206047,DRUG DELIVERY,NO,Laura Sullivan,20000,D,7/7/16
4155204018,4155206064,THEFT,NO,Peggy Chiampas,15000,D,7/11/16
4155204018,4155206065,WEAPON RELATED,NO,Peggy Chiampas,15000,D,7/11/16
4155203923,4155206066,WEAPON RELATED,NO,Peggy Chiampas,100000,D,7/11/16
4155204990,4155206070,THEFT,NO,Peggy Chiampas,5000,D,7/11/16
4155204414,4155206071,TRAFFIC MAJOR,NO,Peggy Chiampas,4000,D,7/11/16
4155205198,4155206079,BATTERY,YES,Peggy Chiampas,25000,D,7/11/16
4155205102,4155206133,WEAPON RELATED,NO,Peggy Chiampas,150000,D,7/11/16
4155204074,4155206135,WEAPON RELATED,NO,Peggy Chiampas,100000,D,7/11/16
4155204734,4155206139,DRUG POSSESSION,NO,Laura Sullivan,50000,D,7/8/16
4155204734,4155206140,DRUG POSSESSION,NO,Laura Sullivan,50000,D,7/8/16
4155204734,4155206141,WEAPON RELATED,NO,Laura Sullivan,50000,D,7/8/16
4155205200,4155206142,WEAPON RELATED,NO,Laura Sullivan,50000,D,7/8/16
4155205200,4155206143,WEAPON RELATED,NO,Laura Sullivan,50000,D,7/8/16
4155205281,4155206148,THEFT,NO,Laura Sullivan,40000,D,7/8/16
4155204157,4155206150,TRAFFIC MAJOR,NO,Laura Sullivan,30000,D,7/8/16
4155204109,4155206152,DRUG POSSESSION,NO,Laura Sullivan,25000,D,7/8/16
4155204503,4155206153,DRUG POSSESSION,NO,Laura Sullivan,10000,D,7/8/16
4155203875,4155206161,BATTERY,YES,Laura Sullivan,60000,D,7/8/16
4155203875,4155206162,WEAPON RELATED,NO,Laura Sullivan,60000,D,7/8/16
4155204460,4155206164,BATTERY,YES,Laura Sullivan,25000,D,7/8/16
4155204460,4155206165,BATTERY,YES,Laura Sullivan,25000,D,7/8/16
4155204612,4155206169,WEAPON RELATED,NO,Laura Sullivan,70000,D,7/8/16
4155204750,4155206171,WEAPON RELATED,NO,Laura Sullivan,50000,D,7/8/16
4155204058,4155206174,WEAPON RELATED,NO,Laura Sullivan,70000,D,7/8/16
4155204009,4155206175,DRUG POSSESSION,NO,Laura Sullivan,25000,D,7/8/16
4155204009,4155206176,DRUG POSSESSION,NO,Laura Sullivan,25000,D,7/8/16
4155204009,4155206177,DRUG POSSESSION,NO,Laura Sullivan,25000,D,7/8/16
4155204857,4155206181,THEFT,NO,Laura Sullivan,120000,D,7/8/16
4155205389,4155206183,THEFT,NO,Laura Sullivan,25000,D,7/8/16
4155203986,4155206186,WEAPON RELATED,NO,Laura Sullivan,50000,D,7/8/16
4155203977,4155206188,DRUG DELIVERY,NO,Laura Sullivan,20000,D,7/8/16
4155204282,4155206194,DRUG DELIVERY,NO,Laura Sullivan,15000,D,7/8/16
4155205239,4155206195,DRUG DELIVERY,NO,Laura Sullivan,250000,D,7/8/16
4155205239,4155206196,DRUG DELIVERY,NO,Laura Sullivan,250000,D,7/8/16
4155205239,4155206197,DRUG DELIVERY,NO,Laura Sullivan,250000,D,7/8/16
4155205239,4155206198,DRUG DELIVERY,NO,Laura Sullivan,250000,D,7/8/16
4155205239,4155206199,DRUG DELIVERY,NO,Laura Sullivan,250000,D,7/8/16
4155205239,4155206200,DRUG DELIVERY,NO,Laura Sullivan,250000,D,7/8/16
4155205239,4155206201,DRUG DELIVERY,NO,Laura Sullivan,250000,D,7/8/16
4155205239,4155206202,DRUG DELIVERY,NO,Laura Sullivan,250000,D,7/8/16
4155205239,4155206203,DRUG DELIVERY,NO,Laura Sullivan,250000,D,7/8/16
4155205239,4155206204,DRUG DELIVERY,NO,Laura Sullivan,250000,D,7/8/16
4155204150,4155206205,DRUG POSSESSION,NO,Laura Sullivan,15000,D,7/8/16
4155204150,4155206206,DRUG POSSESSION,NO,Laura Sullivan,15000,D,7/8/16
4155203981,4155206208,WEAPON RELATED,NO,Laura Sullivan,70000,D,7/8/16
4155203981,4155206209,WEAPON RELATED,NO,Laura Sullivan,70000,D,7/8/16
4155204191,4155206214,DRUG POSSESSION,NO,Laura Sullivan,30000,D,7/8/16
4155204551,4155206220,DRUG POSSESSION,NO,Laura Sullivan,5000,D,7/8/16
4155203914,4155206222,WEAPON RELATED,NO,Laura Sullivan,60000,D,7/8/16
4155203885,4155206223,DRUG DELIVERY,NO,Laura Sullivan,25000,D,7/8/16
4155204980,4155206224,WEAPON RELATED,NO,Laura Sullivan,10000,D,7/8/16
4155205233,4155206226,DRUG POSSESSION,NO,Laura Sullivan,20000,D,7/8/16
4155204511,4155206227,THEFT,NO,Laura Sullivan,25000,D,7/8/16
4155204517,4155206229,THEFT,NO,Laura Sullivan,40000,D,7/8/16
4155204403,4155206232,BATTERY,YES,Laura Sullivan,100000,D,7/8/16
4155204416,4155206236,THEFT,NO,Laura Sullivan,10000,D,7/12/16
4155204501,4155206249,TRAFFIC MAJOR,NO,Laura Sullivan,30000,D,7/12/16
4155204718,4155206265,DRUG POSSESSION,NO,Laura Sullivan,10000,D,7/12/16
4155204039,4155206267,DRUG POSSESSION,NO,Laura Sullivan,20000,D,7/12/16
4155204245,4155206272,DRUG POSSESSION,NO,Laura Sullivan,50000,D,7/12/16
4155204775,4155206274,DRUG DELIVERY,NO,Laura Sullivan,50000,D,7/12/16
4155204352,4155206275,BATTERY,YES,Laura Sullivan,100000,D,7/12/16
4155204620,4155206279,WEAPON RELATED,NO,Laura Sullivan,80000,D,7/12/16
4155205207,4155206280,DRUG DELIVERY,NO,Laura Sullivan,100000,D,7/12/16
4155204650,4155206282,DRUG POSSESSION,NO,Laura Sullivan,100000,D,7/12/16
4155204650,4155206283,BATTERY,YES,Laura Sullivan,100000,D,7/12/16
4155204992,4155206285,WEAPON RELATED,NO,Laura Sullivan,60000,D,7/12/16
4155204812,4155206287,DRUG POSSESSION,NO,Laura Sullivan,30000,D,7/12/16
4155204981,4155206295,BATTERY,YES,Laura Sullivan,250000,D,7/12/16
4155204561,4155206296,BATTERY,YES,Laura Sullivan,150000,D,7/12/16
4155205359,4155206298,DRUG POSSESSION,NO,Laura Sullivan,20000,D,7/12/16
4155203965,4155206300,WEAPON RELATED,NO,Laura Sullivan,25000,D,7/12/16
4155205253,4155206301,TRAFFIC MAJOR,NO,Laura Sullivan,45000,D,7/12/16
4155204312,4155206302,WEAPON RELATED,NO,Laura Sullivan,80000,D,7/12/16
4155204113,4155206305,WEAPON RELATED,NO,Laura Sullivan,30000,D,7/13/16
4155204466,4155206312,TRAFFIC MAJOR,NO,Laura Sullivan,10000,D,7/13/16
4155204890,4155206335,BATTERY,YES,Laura Sullivan,50000,D,7/13/16
4155205247,4155206339,WEAPON RELATED,NO,Laura Sullivan,275000,D,7/13/16
4155204792,4155206341,WEAPON RELATED,NO,Laura Sullivan,150000,D,7/13/16
4155204792,4155206342,BATTERY,YES,Laura Sullivan,150000,D,7/13/16
4155203935,4155206345,BATTERY,YES,Laura Sullivan,250000,D,7/13/16
4155204054,4155206346,THEFT,NO,Laura Sullivan,20000,D,7/13/16
4155204891,4155206348,THEFT,NO,Laura Sullivan,50000,D,7/13/16
4155203891,4155206357,DRUG POSSESSION,NO,Laura Sullivan,40000,D,7/13/16
4155205219,4155206361,WEAPON RELATED,NO,Laura Sullivan,60000,D,7/13/16
4155205219,4155206362,DRUG POSSESSION,NO,Laura Sullivan,60000,D,7/13/16
4155205219,4155206363,DRUG DELIVERY,NO,Laura Sullivan,60000,D,7/13/16
4155204227,4155206366,DRUG POSSESSION,NO,Laura Sullivan,25000,D,7/13/16
4155204227,4155206367,DRUG POSSESSION,NO,Laura Sullivan,25000,D,7/13/16
4155204206,4155206368,WEAPON RELATED,NO,Laura Sullivan,75000,D,7/13/16
4155204543,4155206374,DRUG DELIVERY,NO,Laura Sullivan,50000,D,7/13/16
4155204765,4155206410,BATTERY,YES,Laura Sullivan,90000,D,7/13/16
4155205096,4155206412,DRUG POSSESSION,NO,Laura Sullivan,25000,D,7/13/16
4155204506,4155206414,WEAPON RELATED,NO,Laura Sullivan,90000,D,7/13/16
4155204962,4155206417,WEAPON RELATED,NO,Laura Sullivan,50000,D,7/13/16
4155204605,4155206418,DRUG DELIVERY,NO,Laura Sullivan,15000,D,7/13/16
4155204261,4155206420,THEFT,NO,Laura Sullivan,10000,D,7/13/16
4155204628,4155206423,DRUG POSSESSION,NO,Laura Sullivan,30000,D,7/13/16
4155204628,4155206424,DRUG POSSESSION,NO,Laura Sullivan,30000,D,7/13/16
4155205202,4155206425,DRUG DELIVERY,NO,Laura Sullivan,10000,D,7/13/16
4155205202,4155206426,DRUG POSSESSION,NO,Laura Sullivan,10000,D,7/13/16
4155204038,4155206429,DRUG DELIVERY,NO,Laura Sullivan,15000,D,7/13/16
4155205417,4155206432,WEAPON RELATED,NO,Laura Sullivan,75000,D,7/14/16
4155205417,4155206433,WEAPON RELATED,NO,Laura Sullivan,75000,D,7/14/16
4155205417,4155206434,DRUG DELIVERY,NO,Laura Sullivan,75000,D,7/14/16
4155205417,4155206435,DRUG DELIVERY,NO,Laura Sullivan,75000,D,7/14/16
4155205349,4155206437,BATTERY,YES,Laura Sullivan,30000,D,7/14/16
4155204855,4155206441,THEFT,NO,Laura Sullivan,25000,D,7/14/16
4155204481,4155206449,DRUG DELIVERY,NO,Laura Sullivan,10000,D,7/14/16
4155203863,4155206450,DRUG DELIVERY,NO,Laura Sullivan,20000,D,7/14/16
4155203863,4155206451,DRUG DELIVERY,NO,Laura Sullivan,20000,D,7/14/16
4155204762,4155206456,DRUG DELIVERY,NO,Laura Sullivan,30000,D,7/14/16
4155205122,4155206458,DRUG POSSESSION,NO,Laura Sullivan,20000,D,7/14/16
4155205122,4155206459,DRUG DELIVERY,NO,Laura Sullivan,20000,D,7/14/16
4155203985,4155206464,DRUG POSSESSION,NO,Laura Sullivan,10000,D,7/14/16
4155205018,4155206467,WEAPON RELATED,NO,Laura Sullivan,50000,D,7/14/16
4155205001,4155206470,DRUG POSSESSION,NO,Laura Sullivan,25000,D,7/14/16
4155204129,4155206475,WEAPON RELATED,NO,Laura Sullivan,60000,D,7/14/16
4155204011,4155206476,WEAPON RELATED,NO,Laura Sullivan,3000,D,7/14/16
4155205148,4155206481,BATTERY,YES,Laura Sullivan,15000,D,7/14/16
4155204041,4155206485,WEAPON RELATED,NO,Laura Sullivan,80000,D,7/14/16
4155205395,4155206489,DRUG POSSESSION,NO,Laura Sullivan,25000,D,7/14/16
4155205395,4155206490,DRUG POSSESSION,NO,Laura Sullivan,25000,D,7/14/16
4155205395,4155206491,DRUG POSSESSION,NO,Laura Sullivan,25000,D,7/14/16
4155205395,4155206492,WEAPON RELATED,NO,Laura Sullivan,25000,D,7/14/16
4155205011,4155206504,BATTERY,YES,Laura Sullivan,150000,D,7/15/16
4155205355,4155206505,DRUG POSSESSION,NO,Laura Sullivan,25000,D,7/15/16
4155205355,4155206506,BATTERY,YES,Laura Sullivan,25000,D,7/15/16
4155204272,4155206514,DRUG POSSESSION,NO,Laura Sullivan,10000,D,7/15/16
4155204687,4155206519,BATTERY,YES,Laura Sullivan,25000,D,7/15/16
4155204542,4155206520,WEAPON RELATED,NO,Laura Sullivan,70000,D,7/15/16
4155204735,4155206521,DRUG POSSESSION,NO,Laura Sullivan,50000,D,7/15/16
4155204735,4155206522,DRUG POSSESSION,NO,Laura Sullivan,50000,D,7/15/16
4155204735,4155206523,WEAPON RELATED,NO,Laura Sullivan,50000,D,7/15/16
4155205426,4155206528,DRUG DELIVERY,NO,Laura Sullivan,15000,D,7/15/16
4155204448,4155206530,THEFT,NO,Laura Sullivan,15000,D,7/15/16
4155205129,4155206532,DRUG DELIVERY,NO,Laura Sullivan,25000,D,7/15/16
4155204187,4155206535,WEAPON RELATED,NO,Laura Sullivan,70000,D,7/15/16
4155205448,4155206537,DRUG POSSESSION,NO,Laura Sullivan,10000,D,7/15/16
4155204843,4155206543,WEAPON RELATED,NO,Laura Sullivan,60000,D,7/15/16
4155205456,4155206546,WEAPON RELATED,NO,Laura Sullivan,60000,D,7/15/16
4155205022,4155206548,WEAPON RELATED,NO,Laura Sullivan,70000,D,7/15/16
4155205022,4155206549,WEAPON RELATED,NO,Laura Sullivan,70000,D,7/15/16
4155205063,4155206552,DRUG POSSESSION,NO,Laura Sullivan,10000,D,7/15/16
4155204540,4155206553,DRUG POSSESSION,NO,Laura Sullivan,10000,D,7/15/16
4155203984,4155206554,WEAPON RELATED,NO,Laura Sullivan,30000,D,7/15/16
4155203984,4155206555,BATTERY,YES,Laura Sullivan,30000,D,7/15/16
4155205439,4155206556,DRUG POSSESSION,NO,Laura Sullivan,10000,D,7/15/16
4155204231,4155206563,DRUG POSSESSION,NO,Laura Sullivan,5000,D,7/15/16
4155204060,4155206566,BATTERY,YES,Laura Sullivan,50000,D,7/15/16
4155204827,4155206579,BATTERY,YES,Adam Donald Bourgeois,250000,D,8/30/16
4155203924,4155206593,DRUG POSSESSION,NO,Adam Donald Bourgeois,350000,D,8/30/16
4155204133,4155206597,WEAPON RELATED,NO,Adam Donald Bourgeois,350000,D,8/30/16
4155205113,4155206599,WEAPON RELATED,NO,Adam Donald Bourgeois,350000,D,8/30/16
4155204547,4155206604,WEAPON RELATED,NO,Adam Donald Bourgeois,1000000,D,8/30/16
4155204583,4155206623,WEAPON RELATED,NO,Adam Donald Bourgeois,500000,D,8/30/16
4155204894,4155206628,WEAPON RELATED,NO,Adam Donald Bourgeois,1000000,D,8/30/16
4155204013,4155206635,TRAFFIC MAJOR,NO,Adam Donald Bourgeois,100000,D,8/31/16
4155204082,4155206636,DRUG POSSESSION,NO,Adam Donald Bourgeois,50000,D,8/31/16
4155204820,4155206637,DRUG POSSESSION,NO,Adam Donald Bourgeois,25000,D,8/31/16
4155204884,4155206646,DRUG POSSESSION,NO,Adam Donald Bourgeois,50000,D,8/31/16
4155204443,4155206658,DRUG DELIVERY,NO,Adam Donald Bourgeois,250000,D,8/31/16
4155204790,4155206659,DRUG POSSESSION,NO,Adam Donald Bourgeois,150000,D,8/31/16
4155205289,4155206662,DRUG POSSESSION,NO,Adam Donald Bourgeois,30000,D,8/31/16
4155205289,4155206663,DRUG DELIVERY,NO,Adam Donald Bourgeois,30000,D,8/31/16
4155204546,4155206666,DRUG POSSESSION,NO,Adam Donald Bourgeois,50000,D,8/31/16
4155204546,4155206667,DRUG DELIVERY,NO,Adam Donald Bourgeois,50000,D,8/31/16
4155204072,4155206668,DRUG POSSESSION,NO,Adam Donald Bourgeois,50000,D,8/31/16
4155205425,4155206669,DRUG POSSESSION,NO,Adam Donald Bourgeois,100000,D,8/31/16
4155204244,4155206670,DRUG POSSESSION,NO,Adam Donald Bourgeois,100000,D,8/31/16
4155204244,4155206671,DRUG DELIVERY,NO,Adam Donald Bourgeois,100000,D,8/31/16
4155204763,4155206672,DRUG POSSESSION,NO,Adam Donald Bourgeois,100000,D,8/31/16
4155205035,4155206676,WEAPON RELATED,NO,Adam Donald Bourgeois,350000,D,8/31/16
4155203979,4155206678,DRUG POSSESSION,NO,Adam Donald Bourgeois,75000,D,8/31/16
4155204062,4155206682,TRAFFIC MAJOR,NO,Adam Donald Bourgeois,50000,D,8/31/16
4155204571,4155206683,DRUG DELIVERY,NO,Adam Donald Bourgeois,75000,D,8/31/16
4155204571,4155206684,DRUG POSSESSION,NO,Adam Donald Bourgeois,75000,D,8/31/16
4155204571,4155206685,DRUG POSSESSION,NO,Adam Donald Bourgeois,75000,D,8/31/16
4155205282,4155206686,DRUG POSSESSION,NO,Adam Donald Bourgeois,50000,D,8/31/16
4155205282,4155206687,DRUG POSSESSION,NO,Adam Donald Bourgeois,50000,D,8/31/16
4155204873,4155206688,THEFT,NO,Adam Donald Bourgeois,50000,D,8/31/16
4155204479,4155206689,WEAPON RELATED,NO,Adam Donald Bourgeois,100000,D,8/31/16
4155205072,4155206690,WEAPON RELATED,NO,Adam Donald Bourgeois,100000,D,8/31/16
4155205301,4155206704,DRUG DELIVERY,NO,Laura Sullivan,30000,D,9/1/16
4155204590,4155206707,BATTERY,YES,Laura Sullivan,250000,D,9/1/16
4155205403,4155206709,BATTERY,YES,Laura Sullivan,50000,D,9/1/16
4155205284,4155206710,DRUG POSSESSION,NO,Laura Sullivan,80000,D,9/1/16
4155204420,4155206712,DRUG POSSESSION,NO,Laura Sullivan,50000,D,9/1/16
4155204420,4155206713,DRUG DELIVERY,NO,Laura Sullivan,50000,D,9/1/16
4155204280,4155206714,WEAPON RELATED,NO,Laura Sullivan,150000,D,9/1/16
4155204280,4155206715,WEAPON RELATED,NO,Laura Sullivan,150000,D,9/1/16
4155205279,4155206717,WEAPON RELATED,NO,Laura Sullivan,70000,D,9/1/16
4155205336,4155206718,DRUG POSSESSION,NO,Laura Sullivan,50000,D,9/1/16
4155205336,4155206719,DRUG POSSESSION,NO,Laura Sullivan,50000,D,9/1/16
4155204794,4155206722,THEFT,NO,Laura Sullivan,50000,D,9/1/16
4155205441,4155206727,DRUG POSSESSION,NO,Laura Sullivan,50000,D,9/1/16
4155204828,4155206728,DRUG POSSESSION,NO,Laura Sullivan,40000,D,9/1/16
4155204023,4155206729,DRUG DELIVERY,NO,Laura Sullivan,25000,D,9/1/16
4155204049,4155206732,DRUG DELIVERY,NO,Laura Sullivan,40000,D,9/1/16
4155205290,4155206733,TRAFFIC MAJOR,NO,Laura Sullivan,20000,D,9/1/16
4155204567,4155206734,THEFT,NO,Laura Sullivan,25000,D,9/1/16
4155204295,4155206740,THEFT,NO,Laura Sullivan,10000,D,9/1/16
4155204295,4155206741,THEFT,NO,Laura Sullivan,10000,D,9/1/16
4155204747,4155206744,DRUG DELIVERY,NO,Laura Sullivan,75000,D,9/1/16
4155204747,4155206745,THEFT,NO,Laura Sullivan,75000,D,9/1/16
4155205284,4155206753,DRUG DELIVERY,NO,Laura Sullivan,90000,D,9/1/16
4155205284,4155206754,DRUG POSSESSION,NO,Laura Sullivan,90000,D,9/1/16
4155205284,4155206755,DRUG POSSESSION,NO,Laura Sullivan,90000,D,9/1/16
4155203949,4155206756,WEAPON RELATED,NO,Laura Sullivan,70000,D,9/1/16
4155204251,4155206759,WEAPON RELATED,NO,Laura Sullivan,10000,D,9/2/16
4155205280,4155206767,DRUG DELIVERY,NO,Laura Sullivan,75000,D,9/2/16
4155205363,4155206768,THEFT,NO,Laura Sullivan,30000,D,9/2/16
4155204776,4155206769,WEAPON RELATED,NO,Laura Sullivan,75000,D,9/2/16
4155204463,4155206770,BATTERY,YES,Laura Sullivan,100000,D,9/2/16
4155205305,4155206778,DRUG DELIVERY,NO,Laura Sullivan,10000,D,9/2/16
4155204584,4155206784,DRUG DELIVERY,NO,Laura Sullivan,25000,D,9/2/16
4155204584,4155206785,DRUG POSSESSION,NO,Laura Sullivan,25000,D,9/2/16
4155204555,4155206788,DRUG DELIVERY,NO,Laura Sullivan,25000,D,9/2/16
4155204951,4155206789,DRUG DELIVERY,NO,Laura Sullivan,50000,D,9/2/16
4155205315,4155206790,DRUG DELIVERY,NO,Laura Sullivan,50000,D,9/2/16
4155205402,4155206791,DRUG DELIVERY,NO,Laura Sullivan,50000,D,9/2/16
4155204224,4155206792,DRUG DELIVERY,NO,Laura Sullivan,50000,D,9/2/16
4155204235,4155206796,DRUG DELIVERY,NO,Laura Sullivan,40000,D,9/2/16
4155204219,4155206797,DRUG DELIVERY,NO,Laura Sullivan,90000,D,9/2/16
4155205380,4155206798,DRUG DELIVERY,NO,Laura Sullivan,75000,D,9/2/16
4155205380,4155206799,DRUG POSSESSION,NO,Laura Sullivan,75000,D,9/2/16
4155204359,4155206801,DRUG DELIVERY,NO,Laura Sullivan,50000,D,9/2/16
4155205258,4155206802,DRUG DELIVERY,NO,Laura Sullivan,50000,D,9/2/16
4155204225,4155206806,DRUG DELIVERY,NO,Laura Sullivan,75000,D,9/2/16
4155205079,4155206807,DRUG DELIVERY,NO,Laura Sullivan,50000,D,9/2/16
4155204236,4155206815,DRUG DELIVERY,NO,Laura Sullivan,75000,D,9/2/16
4155204721,4155206816,DRUG DELIVERY,NO,Laura Sullivan,50000,D,9/2/16
4155204275,4155206818,DRUG DELIVERY,NO,Laura Sullivan,50000,D,9/2/16
4155205212,4155206819,DRUG POSSESSION,NO,Laura Sullivan,50000,D,9/2/16
4155205212,4155206820,DRUG POSSESSION,NO,Laura Sullivan,50000,D,9/2/16
4155204450,4155206821,DRUG DELIVERY,NO,Laura Sullivan,40000,D,9/2/16
4155205088,4155206823,DRUG DELIVERY,NO,Laura Sullivan,10000,D,9/2/16
4155205446,4155206824,WEAPON RELATED,NO,Laura Sullivan,50000,D,9/2/16
4155204746,4155206826,DRUG POSSESSION,NO,Laura Sullivan,50000,D,9/2/16
4155204220,4155206827,DRUG DELIVERY,NO,Laura Sullivan,50000,D,9/2/16
4155204896,4155206829,DRUG DELIVERY,NO,Laura Sullivan,20000,D,9/2/16
4155204120,4155206830,DRUG DELIVERY,NO,Laura Sullivan,20000,D,9/2/16
4155204859,4155206832,DRUG DELIVERY,NO,Laura Sullivan,25000,D,9/2/16
4155204033,4155206833,DRUG DELIVERY,NO,Laura Sullivan,25000,D,9/2/16
4155205286,4155206839,DRUG DELIVERY,NO,Laura Sullivan,20000,D,9/2/16
4155204388,4155206841,DRUG DELIVERY,NO,Laura Sullivan,25000,D,9/2/16
4155204388,4155206842,DRUG DELIVERY,NO,Laura Sullivan,25000,D,9/2/16
4155204713,4155206845,DRUG POSSESSION,NO,Laura Sullivan,10000,D,9/2/16
4155204916,4155206846,WEAPON RELATED,NO,Laura Sullivan,60000,D,9/2/16
4155204916,4155206847,DRUG POSSESSION,NO,Laura Sullivan,60000,D,9/2/16
4155204440,4155206853,DRUG POSSESSION,NO,Laura Sullivan,30000,D,9/2/16
4155205004,4155206854,BATTERY,YES,Laura Sullivan,100000,D,9/2/16
4155204911,4155206855,DRUG POSSESSION,NO,Laura Sullivan,25000,D,9/2/16
4155203945,4155206857,DRUG POSSESSION,NO,Laura Sullivan,80000,D,9/2/16
4155203945,4155206858,DRUG POSSESSION,NO,Laura Sullivan,80000,D,9/2/16
4155204291,4155206859,WEAPON RELATED,NO,Laura Sullivan,60000,D,9/2/16
4155204500,4155206860,DRUG DELIVERY,NO,Laura Sullivan,25000,D,9/2/16
4155204793,4155206862,THEFT,NO,Laura Sullivan,50000,D,9/2/16
4155204793,4155206863,THEFT,NO,Laura Sullivan,50000,D,9/2/16
4155205322,4155206864,DRUG POSSESSION,NO,Laura Sullivan,50000,D,9/2/16
4155204313,4155206866,DRUG DELIVERY,NO,Laura Sullivan,25000,D,9/2/16
4155204313,4155206867,DRUG POSSESSION,NO,Laura Sullivan,25000,D,9/2/16
4155205227,4155206868,DRUG POSSESSION,NO,Laura Sullivan,50000,D,9/2/16
4155204429,4155206869,TRAFFIC MAJOR,NO,Laura Sullivan,25000,D,9/2/16
4155204281,4155206870,BATTERY,YES,Laura Sullivan,100000,D,9/2/16
4155204984,4155206871,WEAPON RELATED,NO,Adam Donald Bourgeois,350000,D,9/6/16
4155205043,4155206873,THEFT,NO,Adam Donald Bourgeois,50000,D,9/6/16
4155204529,4155206876,DRUG POSSESSION,NO,Adam Donald Bourgeois,250000,D,9/6/16
4155204089,4155206878,DRUG DELIVERY,NO,Adam Donald Bourgeois,25000,D,9/6/16
4155204288,4155206884,WEAPON RELATED,NO,Adam Donald Bourgeois,100000,D,9/6/16
4155205076,4155206885,WEAPON RELATED,NO,Adam Donald Bourgeois,100000,D,9/6/16
4155205028,4155206897,TRAFFIC MAJOR,NO,Adam Donald Bourgeois,75000,D,9/6/16
4155205222,4155206898,WEAPON RELATED,NO,Adam Donald Bourgeois,350000,D,9/6/16
4155204493,4155206900,WEAPON RELATED,NO,Adam Donald Bourgeois,350000,D,9/6/16
4155204204,4155206901,THEFT,NO,Adam Donald Bourgeois,100000,D,9/6/16
4155204907,4155206903,TRAFFIC MAJOR,NO,Adam Donald Bourgeois,55000,D,9/6/16
4155205164,4155206904,BATTERY,YES,Adam Donald Bourgeois,250000,D,9/6/16
4155204229,4155206906,DRUG POSSESSION,NO,Adam Donald Bourgeois,75000,D,9/6/16
4155204639,4155206913,DRUG POSSESSION,NO,Adam Donald Bourgeois,50000,D,9/6/16
4155204975,4155206915,DRUG DELIVERY,NO,Adam Donald Bourgeois,250000,D,9/6/16
4155204428,4155206917,WEAPON RELATED,NO,Adam Donald Bourgeois,100000,D,9/6/16
4155204529,4155206918,WEAPON RELATED,NO,Adam Donald Bourgeois,100000,D,9/6/16
4155204378,4155206919,WEAPON RELATED,NO,Adam Donald Bourgeois,100000,D,9/6/16
4155204691,4155206924,WEAPON RELATED,NO,Adam Donald Bourgeois,350000,D,9/6/16
4155205149,4155206928,WEAPON RELATED,NO,Adam Donald Bourgeois,450000,D,9/6/16
4155204595,4155206929,BATTERY,YES,Laura Sullivan,70000,D,9/7/16
4155204568,4155206931,BATTERY,YES,Laura Sullivan,50000,D,9/7/16
4155204726,4155206933,DRUG POSSESSION,NO,Laura Sullivan,50000,D,9/7/16
4155203871,4155206934,BATTERY,YES,Laura Sullivan,5000,D,9/7/16
4155204020,4155206935,BATTERY,YES,Laura Sullivan,100000,D,9/7/16
4155204167,4155206940,DRUG POSSESSION,NO,Laura Sullivan,75000,D,9/7/16
4155204570,4155206941,DRUG DELIVERY,NO,Laura Sullivan,10000,D,9/7/16
4155204938,4155206942,THEFT,NO,Laura Sullivan,25000,D,9/7/16
4155204491,4155206944,WEAPON RELATED,NO,Laura Sullivan,75000,D,9/7/16
4155204760,4155206945,DRUG POSSESSION,NO,Laura Sullivan,25000,D,9/7/16
4155204203,4155206946,WEAPON RELATED,NO,Laura Sullivan,70000,D,9/7/16
4155203867,4155206947,DRUG DELIVERY,NO,Laura Sullivan,30000,D,9/7/16
4155204505,4155206948,DRUG DELIVERY,NO,Laura Sullivan,50000,D,9/7/16
4155204101,4155206949,DRUG DELIVERY,NO,Laura Sullivan,50000,D,9/7/16
4155204183,4155206950,WEAPON RELATED,NO,Laura Sullivan,75000,D,9/7/16
4155204476,4155206957,WEAPON RELATED,NO,Laura Sullivan,80000,D,9/7/16
4155204476,4155206959,DRUG DELIVERY,NO,Laura Sullivan,80000,D,9/7/16
4155204804,4155206962,WEAPON RELATED,NO,Laura Sullivan,40000,D,9/7/16
4155204727,4155206964,THEFT,NO,Laura Sullivan,25000,D,9/7/16
4155205116,4155206965,WEAPON RELATED,NO,Laura Sullivan,60000,D,9/7/16
4155205116,4155206966,BATTERY,YES,Laura Sullivan,60000,D,9/7/16
4155204128,4155206967,WEAPON RELATED,NO,Laura Sullivan,70000,D,9/7/16
4155205100,4155206968,DRUG POSSESSION,NO,Laura Sullivan,50000,D,9/7/16
4155204745,4155206974,WEAPON RELATED,NO,Laura Sullivan,60000,D,9/7/16
4155204745,4155206975,WEAPON RELATED,NO,Laura Sullivan,60000,D,9/7/16
4155205029,4155206976,THEFT,NO,Laura Sullivan,10000,D,9/7/16
4155204912,4155206977,BATTERY,YES,Laura Sullivan,350000,D,9/7/16
4155203940,4155206978,WEAPON RELATED,NO,Laura Sullivan,40000,D,9/7/16
4155205120,4155206979,WEAPON RELATED,NO,Laura Sullivan,40000,D,9/7/16
4155204881,4155206980,DRUG POSSESSION,NO,Laura Sullivan,25000,D,9/7/16
4155204942,4155206994,WEAPON RELATED,NO,Laura Sullivan,90000,D,9/8/16
4155205145,4155206995,DRUG POSSESSION,NO,Laura Sullivan,75000,D,9/8/16
4155205145,4155206996,DRUG POSSESSION,NO,Laura Sullivan,75000,D,9/8/16
4155205145,4155206997,WEAPON RELATED,NO,Laura Sullivan,75000,D,9/8/16
4155205326,4155206998,BATTERY,YES,Laura Sullivan,50000,D,9/8/16
4155205144,4155207007,DRUG POSSESSION,NO,Laura Sullivan,10000,D,9/8/16
4155205144,4155207008,DRUG DELIVERY,NO,Laura Sullivan,10000,D,9/8/16
4155204925,4155207009,WEAPON RELATED,NO,Laura Sullivan,25000,D,9/8/16
4155204925,4155207010,DRUG POSSESSION,NO,Laura Sullivan,25000,D,9/8/16
4155205260,4155207016,DRUG POSSESSION,NO,Laura Sullivan,20000,D,9/8/16
4155204604,4155207017,DRUG DELIVERY,NO,Laura Sullivan,40000,D,9/8/16
4155205409,4155207024,DRUG POSSESSION,NO,Laura Sullivan,50000,D,9/8/16
4155204606,4155207028,THEFT,NO,Laura Sullivan,25000,D,9/8/16
4155205360,4155207030,DRUG POSSESSION,NO,Laura Sullivan,50000,D,9/8/16
4155205360,4155207031,DRUG DELIVERY,NO,Laura Sullivan,50000,D,9/8/16
4155204631,4155207032,DRUG POSSESSION,NO,Laura Sullivan,50000,D,9/8/16
4155204631,4155207033,DRUG DELIVERY,NO,Laura Sullivan,50000,D,9/8/16
4155205264,4155207038,WEAPON RELATED,NO,Laura Sullivan,80000,D,9/8/16
4155205264,4155207039,WEAPON RELATED,NO,Laura Sullivan,80000,D,9/8/16
4155204131,4155207042,BATTERY,YES,Laura Sullivan,250000,D,9/8/16
4155204131,4155207043,BATTERY,YES,Laura Sullivan,250000,D,9/8/16
4155204550,4155207045,DRUG POSSESSION,NO,Laura Sullivan,20000,D,9/8/16
4155204550,4155207046,BATTERY,YES,Laura Sullivan,20000,D,9/8/16
4155204892,4155207047,DRUG POSSESSION,NO,Laura Sullivan,10000,D,9/8/16
4155204781,4155207051,BATTERY,YES,Laura Sullivan,25000,D,9/8/16
4155204830,4155207053,DRUG POSSESSION,NO,Laura Sullivan,10000,D,9/8/16
4155204753,4155207054,WEAPON RELATED,NO,Laura Sullivan,70000,D,9/8/16
4155204717,4155207057,WEAPON RELATED,NO,Laura Sullivan,100000,D,9/8/16
4155204717,4155207058,WEAPON RELATED,NO,Laura Sullivan,100000,D,9/8/16
4155204635,4155207061,WEAPON RELATED,NO,Laura Sullivan,70000,D,9/8/16
4155204421,4155207063,WEAPON RELATED,NO,Laura Sullivan,40000,D,9/8/16
4155204239,4155207067,WEAPON RELATED,NO,Laura Sullivan,500000,D,9/8/16
4155204239,4155207068,WEAPON RELATED,NO,Laura Sullivan,500000,D,9/8/16
4155204818,4155207069,WEAPON RELATED,NO,Laura Sullivan,350000,D,9/8/16
4155204818,4155207070,WEAPON RELATED,NO,Laura Sullivan,350000,D,9/8/16
4155204108,4155207073,WEAPON RELATED,NO,Laura Sullivan,300000,D,9/8/16
4155204222,4155207079,BATTERY,YES,Laura Sullivan,15000,D,9/9/16
4155203996,4155207088,DRUG POSSESSION,NO,Laura Sullivan,10000,D,9/9/16
4155204147,4155207089,DRUG POSSESSION,NO,Laura Sullivan,25000,D,9/9/16
4155204147,4155207091,BATTERY,YES,Laura Sullivan,25000,D,9/9/16
4155204982,4155207092,DRUG POSSESSION,NO,Laura Sullivan,30000,D,9/9/16
4155204199,4155207093,THEFT,NO,Laura Sullivan,30000,D,9/9/16
4155204616,4155207094,DRUG DELIVERY,NO,Laura Sullivan,30000,D,9/9/16
4155205188,4155207096,WEAPON RELATED,NO,Laura Sullivan,60000,D,9/9/16
4155204382,4155207098,DRUG POSSESSION,NO,Laura Sullivan,20000,D,9/9/16
4155204125,4155207104,DRUG DELIVERY,NO,Laura Sullivan,25000,D,9/9/16
4155204515,4155207107,WEAPON RELATED,NO,Laura Sullivan,40000,D,9/9/16
4155205386,4155207108,DRUG DELIVERY,NO,Laura Sullivan,50000,D,9/9/16
4155205399,4155207114,THEFT,NO,Laura Sullivan,50000,D,9/9/16
4155205343,4155207115,WEAPON RELATED,NO,Laura Sullivan,10000,D,9/9/16
4155204004,4155207117,DRUG POSSESSION,NO,Laura Sullivan,25000,D,9/9/16
4155204374,4155207118,DRUG POSSESSION,NO,Laura Sullivan,50000,D,9/9/16
4155205442,4155207119,BATTERY,YES,Laura Sullivan,100000,D,9/9/16
4155203892,4155207127,DRUG POSSESSION,NO,Laura Sullivan,5000,D,9/9/16
4155204148,4155207129,DRUG POSSESSION,NO,Adam Donald Bourgeois,50000,D,9/12/16
4155205175,4155207131,WEAPON RELATED,NO,Adam Donald Bourgeois,150000,D,9/12/16
4155205450,4155207133,WEAPON RELATED,NO,Adam Donald Bourgeois,150000,D,9/12/16
4155203951,4155207134,DRUG POSSESSION,NO,Adam Donald Bourgeois,50000,D,9/12/16
4155204672,4155207137,THEFT,NO,Adam Donald Bourgeois,100000,D,9/12/16
4155204180,4155207138,WEAPON RELATED,NO,Adam Donald Bourgeois,350000,D,9/12/16
4155204271,4155207143,DRUG POSSESSION,NO,Adam Donald Bourgeois,250000,D,9/12/16
4155205046,4155207151,BATTERY,YES,Adam Donald Bourgeois,100000,D,9/12/16
4155205423,4155207153,DRUG POSSESSION,NO,Adam Donald Bourgeois,25000,D,9/12/16
4155205179,4155207161,DRUG POSSESSION,NO,Adam Donald Bourgeois,10000,D,9/12/16
4155204423,4155207162,WEAPON RELATED,NO,Adam Donald Bourgeois,100000,D,9/12/16
4155204637,4155207165,DRUG POSSESSION,NO,Adam Donald Bourgeois,25000,D,9/12/16
4155204399,4155207167,DRUG DELIVERY,NO,Adam Donald Bourgeois,25000,D,9/12/16
4155204270,4155207169,WEAPON RELATED,NO,Adam Donald Bourgeois,100000,D,9/12/16
4155205080,4155207170,WEAPON RELATED,NO,Adam Donald Bourgeois,100000,D,9/12/16
4155204806,4155207178,THEFT,NO,Adam Donald Bourgeois,25000,D,9/13/16
4155204475,4155207179,BATTERY,YES,Adam Donald Bourgeois,250000,D,9/13/16
4155204495,4155207180,BATTERY,YES,Adam Donald Bourgeois,250000,D,9/13/16
4155203956,4155207184,BATTERY,YES,Adam Donald Bourgeois,250000,D,9/13/16
4155203956,4155207185,BATTERY,YES,Adam Donald Bourgeois,250000,D,9/13/16
4155203957,4155207186,DRUG DELIVERY,NO,Adam Donald Bourgeois,50000,D,9/13/16
4155203957,4155207187,DRUG POSSESSION,NO,Adam Donald Bourgeois,50000,D,9/13/16
4155205244,4155207188,DRUG POSSESSION,NO,Adam Donald Bourgeois,150000,D,9/13/16
4155205244,4155207189,THEFT,NO,Adam Donald Bourgeois,150000,D,9/13/16
4155204522,4155207190,THEFT,NO,Adam Donald Bourgeois,150000,D,9/13/16
4155204692,4155207192,DRUG POSSESSION,NO,Adam Donald Bourgeois,50000,D,9/13/16
4155204679,4155207197,DRUG DELIVERY,NO,Adam Donald Bourgeois,100000,D,9/13/16
4155205203,4155207204,THEFT,NO,Adam Donald Bourgeois,100000,D,9/13/16
4155205140,4155207207,THEFT,NO,Adam Donald Bourgeois,350000,D,9/13/16
4155204433,4155207211,WEAPON RELATED,NO,Laura Sullivan,25000,D,9/14/16
4155203972,4155207213,DRUG POSSESSION,NO,Laura Sullivan,150000,D,9/14/16
4155203972,4155207214,DRUG POSSESSION,NO,Laura Sullivan,150000,D,9/14/16
4155204175,4155207218,THEFT,NO,Laura Sullivan,20000,D,9/14/16
4155204267,4155207220,WEAPON RELATED,NO,Laura Sullivan,20000,D,9/14/16
4155204412,4155207228,WEAPON RELATED,NO,Laura Sullivan,40000,D,9/14/16
4155204715,4155207232,DRUG POSSESSION,NO,Laura Sullivan,10000,D,9/14/16
4155204788,4155207234,WEAPON RELATED,NO,Laura Sullivan,75000,D,9/14/16
4155204788,4155207235,WEAPON RELATED,NO,Laura Sullivan,75000,D,9/14/16
4155204001,4155207237,THEFT,NO,Laura Sullivan,25000,D,9/14/16
4155203948,4155207238,WEAPON RELATED,NO,Laura Sullivan,40000,D,9/14/16
4155204519,4155207241,DRUG POSSESSION,NO,Laura Sullivan,25000,D,9/14/16
4155204684,4155207242,DRUG POSSESSION,NO,Laura Sullivan,25000,D,9/14/16
4155205006,4155207243,WEAPON RELATED,NO,Laura Sullivan,40000,D,9/14/16
4155205109,4155207246,DRUG POSSESSION,NO,Laura Sullivan,10000,D,9/14/16
4155205240,4155207247,DRUG DELIVERY,NO,Laura Sullivan,60000,D,9/14/16
4155205138,4155207248,DRUG DELIVERY,NO,Laura Sullivan,50000,D,9/14/16
4155203928,4155207250,DRUG DELIVERY,NO,Laura Sullivan,50000,D,9/14/16
4155204145,4155207252,THEFT,NO,Laura Sullivan,40000,D,9/14/16
4155205178,4155207253,WEAPON RELATED,NO,Laura Sullivan,75000,D,9/14/16
4155204486,4155207254,WEAPON RELATED,NO,Laura Sullivan,40000,D,9/14/16
4155205340,4155207256,WEAPON RELATED,NO,Laura Sullivan,40000,D,9/14/16
4155205340,4155207257,WEAPON RELATED,NO,Laura Sullivan,40000,D,9/14/16
4155204724,4155207261,BATTERY,YES,Adam Donald Bourgeois,250000,D,9/15/16
4155205119,4155207262,BATTERY,YES,Adam Donald Bourgeois,250000,D,9/15/16
4155204845,4155207264,DRUG POSSESSION,NO,Adam Donald Bourgeois,10000,D,9/15/16
4155203904,4155207267,BATTERY,YES,Adam Donald Bourgeois,150000,D,9/15/16
4155205440,4155207274,BATTERY,YES,Adam Donald Bourgeois,250000,D,9/15/16
4155204585,4155207275,DRUG POSSESSION,NO,Adam Donald Bourgeois,2000,D,9/15/16
4155204385,4155207277,THEFT,NO,Adam Donald Bourgeois,500000,D,9/15/16
4155205288,4155207279,TRAFFIC MAJOR,NO,Adam Donald Bourgeois,500000,D,9/15/16
4155204354,4155207280,DRUG POSSESSION,NO,Adam Donald Bourgeois,100000,D,9/15/16
4155205211,4155207282,THEFT,NO,Adam Donald Bourgeois,100000,D,9/15/16
4155205325,4155207286,WEAPON RELATED,NO,Adam Donald Bourgeois,500000,D,9/15/16
4155205237,4155207289,DRUG POSSESSION,NO,Adam Donald Bourgeois,100000,D,9/15/16
4155205318,4155207290,WEAPON RELATED,NO,Adam Donald Bourgeois,250000,D,9/15/16
4155205042,4155207291,WEAPON RELATED,NO,Adam Donald Bourgeois,1000000,D,9/15/16
4155204756,4155207292,WEAPON RELATED,NO,Adam Donald Bourgeois,500000,D,9/15/16
4155204756,4155207293,DRUG POSSESSION,NO,Adam Donald Bourgeois,500000,D,9/15/16
4155205347,4155207296,THEFT,NO,Adam Donald Bourgeois,50000,D,9/15/16
4155203969,4155207304,BATTERY,YES,Adam Donald Bourgeois,750000,D,9/15/16
4155204967,4155207307,BATTERY,YES,Adam Donald Bourgeois,100000,D,9/15/16
4155204536,4155207308,DRUG POSSESSION,NO,Adam Donald Bourgeois,50000,D,9/15/16
4155204289,4155207309,WEAPON RELATED,NO,Adam Donald Bourgeois,150000,D,9/15/16
4155204623,4155207314,WEAPON RELATED,NO,Adam Donald Bourgeois,750000,D,9/15/16
4155205141,4155207315,WEAPON RELATED,NO,Adam Donald Bourgeois,750000,D,9/15/16
4155204647,4155207319,WEAPON RELATED,NO,Adam Donald Bourgeois,350000,D,9/15/16
4155204228,4155207323,THEFT,NO,Adam Donald Bourgeois,50000,D,9/15/16
4155204534,4155207331,THEFT,NO,Adam Donald Bourgeois,100000,D,9/19/16
4155205077,4155207340,THEFT,NO,Adam Donald Bourgeois,350000,D,9/19/16
4155205306,4155207342,WEAPON RELATED,NO,Adam Donald Bourgeois,500000,D,9/19/16
4155205306,4155207343,WEAPON RELATED,NO,Adam Donald Bourgeois,500000,D,9/19/16
4155204619,4155207344,WEAPON RELATED,NO,Adam Donald Bourgeois,500000,D,9/19/16
4155205210,4155207346,DRUG POSSESSION,NO,Adam Donald Bourgeois,50000,D,9/19/16
4155204636,4155207347,WEAPON RELATED,NO,Adam Donald Bourgeois,150000,D,9/19/16
4155204055,4155207350,DRUG DELIVERY,NO,Adam Donald Bourgeois,100000,D,9/19/16
4155203946,4155207354,WEAPON RELATED,NO,Adam Donald Bourgeois,450000,D,9/19/16
4155205390,4155207355,DRUG DELIVERY,NO,Adam Donald Bourgeois,50000,D,9/19/16
4155205390,4155207356,DRUG POSSESSION,NO,Adam Donald Bourgeois,50000,D,9/19/16
4155204286,4155207358,TRAFFIC MAJOR,NO,Adam Donald Bourgeois,75000,D,9/19/16
4155203980,4155207363,DRUG POSSESSION,NO,Adam Donald Bourgeois,10000,D,9/19/16
4155203980,4155207364,DRUG POSSESSION,NO,Adam Donald Bourgeois,10000,D,9/19/16
4155203980,4155207365,DRUG POSSESSION,NO,Adam Donald Bourgeois,10000,D,9/19/16
4155205045,4155207370,BATTERY,YES,Adam Donald Bourgeois,350000,D,9/19/16
4155204077,4155207375,DRUG POSSESSION,NO,Adam Donald Bourgeois,50000,D,9/19/16
4155204447,4155207376,WEAPON RELATED,NO,Adam Donald Bourgeois,500000,D,9/19/16
4155203958,4155207377,DRUG DELIVERY,NO,Adam Donald Bourgeois,50000,D,9/19/16
4155204297,4155207379,WEAPON RELATED,NO,Adam Donald Bourgeois,600000,D,9/19/16
4155204696,4155207381,THEFT,NO,Adam Donald Bourgeois,75000,D,9/19/16
4155205337,4155207384,WEAPON RELATED,NO,Adam Donald Bourgeois,500000,D,9/19/16
4155205090,4155207431,DRUG DELIVERY,NO,Laura Sullivan,10000,D,9/22/16
4155204507,4155207432,THEFT,NO,Laura Sullivan,10000,D,9/22/16
4155204292,4155207437,DRUG DELIVERY,NO,Laura Sullivan,50000,D,9/22/16
4155204171,4155207438,BATTERY,YES,Laura Sullivan,100000,D,9/22/16
4155205300,4155207441,DRUG POSSESSION,NO,Laura Sullivan,25000,D,9/22/16
4155204165,4155207443,DRUG DELIVERY,NO,Laura Sullivan,10000,D,9/22/16
4155204165,4155207444,DRUG POSSESSION,NO,Laura Sullivan,10000,D,9/22/16
4155204977,4155207448,DRUG POSSESSION,NO,Laura Sullivan,25000,D,9/22/16
4155204230,4155207454,DRUG DELIVERY,NO,Laura Sullivan,50000,D,9/22/16
4155204910,4155207461,TRAFFIC MAJOR,NO,Laura Sullivan,10000,D,9/22/16
4155204910,4155207462,BATTERY,YES,Laura Sullivan,10000,D,9/22/16
4155205266,4155207464,DRUG POSSESSION,NO,Laura Sullivan,50000,D,9/22/16
4155205455,4155207465,DRUG DELIVERY,NO,Laura Sullivan,10000,D,9/22/16
4155205455,4155207466,DRUG DELIVERY,NO,Laura Sullivan,10000,D,9/22/16
4155204807,4155207467,TRAFFIC MAJOR,NO,Laura Sullivan,70000,D,9/22/16
4155204365,4155207468,WEAPON RELATED,NO,Laura Sullivan,50000,D,9/22/16
4155204846,4155207471,WEAPON RELATED,NO,Laura Sullivan,60000,D,9/22/16
4155205433,4155207473,DRUG DELIVERY,NO,Laura Sullivan,40000,D,9/22/16
4155204964,4155207479,WEAPON RELATED,NO,Laura Sullivan,25000,D,9/22/16
4155204045,4155207480,DRUG POSSESSION,NO,Laura Sullivan,25000,D,9/22/16
4155204045,4155207481,TRAFFIC MAJOR,NO,Laura Sullivan,25000,D,9/22/16
4155203963,4155207482,WEAPON RELATED,NO,Laura Sullivan,100000,D,9/22/16
4155203963,4155207483,DRUG POSSESSION,NO,Laura Sullivan,100000,D,9/22/16
4155204386,4155207485,WEAPON RELATED,NO,Laura Sullivan,40000,D,9/22/16
4155205412,4155207486,WEAPON RELATED,NO,Laura Sullivan,40000,D,9/22/16
4155205434,4155207489,WEAPON RELATED,NO,Laura Sullivan,50000,D,9/22/16
4155204320,4155207498,DRUG DELIVERY,NO,Laura Sullivan,15000,D,9/22/16
4155204761,4155207505,DRUG POSSESSION,NO,Laura Sullivan,15000,D,9/23/16
4155203975,4155207506,TRAFFIC MAJOR,NO,Laura Sullivan,5000,D,9/23/16
4155204194,4155207508,THEFT,NO,Laura Sullivan,10000,D,9/23/16
4155205157,4155207509,TRAFFIC MAJOR,NO,Laura Sullivan,10000,D,9/23/16
4155204146,4155207511,BATTERY,YES,Laura Sullivan,100000,D,9/23/16
4155204146,4155207512,BATTERY,YES,Laura Sullivan,100000,D,9/23/16
4155204898,4155207513,WEAPON RELATED,NO,Laura Sullivan,50000,D,9/23/16
4155204898,4155207514,DRUG POSSESSION,NO,Laura Sullivan,50000,D,9/23/16
4155203987,4155207515,DRUG DELIVERY,NO,Laura Sullivan,40000,D,9/23/16
4155205181,4155207516,DRUG DELIVERY,NO,Laura Sullivan,40000,D,9/23/16
4155205023,4155207517,DRUG DELIVERY,NO,Laura Sullivan,40000,D,9/23/16
4155205023,4155207518,WEAPON RELATED,NO,Laura Sullivan,40000,D,9/23/16
4155204599,4155207520,DRUG POSSESSION,NO,Laura Sullivan,25000,D,9/23/16
4155204309,4155207523,DRUG DELIVERY,NO,Laura Sullivan,50000,D,9/23/16
4155204431,4155207525,DRUG POSSESSION,NO,Laura Sullivan,10000,D,9/23/16
4155204431,4155207526,DRUG POSSESSION,NO,Laura Sullivan,10000,D,9/23/16
4155205184,4155207527,DRUG DELIVERY,NO,Laura Sullivan,50000,D,9/23/16
4155205184,4155207528,DRUG DELIVERY,NO,Laura Sullivan,50000,D,9/23/16
4155205184,4155207529,DRUG POSSESSION,NO,Laura Sullivan,50000,D,9/23/16
4155204508,4155207535,DRUG POSSESSION,NO,Laura Sullivan,25000,D,9/23/16
4155205361,4155207539,DRUG DELIVERY,NO,Laura Sullivan,25000,D,9/23/16
4155204865,4155207544,DRUG POSSESSION,NO,Laura Sullivan,60000,D,9/23/16
4155204865,4155207545,WEAPON RELATED,NO,Laura Sullivan,60000,D,9/23/16
4155204932,4155207546,DRUG DELIVERY,NO,Laura Sullivan,25000,D,9/23/16
4155204826,4155207547,WEAPON RELATED,NO,Laura Sullivan,125000,D,9/23/16
4155204826,4155207548,WEAPON RELATED,NO,Laura Sullivan,125000,D,9/23/16
4155204663,4155207550,DRUG DELIVERY,NO,Laura Sullivan,10000,D,9/23/16
4155204264,4155207562,THEFT,NO,Laura Sullivan,10000,D,9/23/16
4155204993,4155207567,DRUG POSSESSION,NO,Laura Sullivan,20000,D,9/23/16
4155203925,4155207574,WEAPON RELATED,NO,Laura Sullivan,50000,D,9/23/16
4155205111,4155207579,WEAPON RELATED,NO,Peggy Chiampas,150000,D,9/20/16
4155204273,4155207580,WEAPON RELATED,NO,Peggy Chiampas,150000,D,9/20/16
4155204091,4155207588,THEFT,NO,Peggy Chiampas,50000,D,9/20/16
4155204091,4155207589,BATTERY,YES,Peggy Chiampas,50000,D,9/20/16
4155204602,4155207590,TRAFFIC MAJOR,NO,Peggy Chiampas,5000,D,9/20/16
4155204602,4155207592,TRAFFIC MAJOR,NO,Peggy Chiampas,5000,D,9/20/16
4155204602,4155207593,TRAFFIC MAJOR,NO,Peggy Chiampas,5000,D,9/20/16
4155205365,4155207594,WEAPON RELATED,NO,Peggy Chiampas,75000,D,9/20/16
4155205365,4155207595,TRAFFIC MAJOR,NO,Peggy Chiampas,75000,D,9/20/16
4155204425,4155207599,WEAPON RELATED,NO,Peggy Chiampas,150000,D,9/20/16
4155204355,4155207600,WEAPON RELATED,NO,Peggy Chiampas,150000,D,9/20/16
4155205176,4155207603,DRUG POSSESSION,NO,Peggy Chiampas,5000,D,9/20/16
4155203954,4155207608,WEAPON RELATED,NO,Peggy Chiampas,100000,D,9/20/16
4155204051,4155207612,BATTERY,YES,Peggy Chiampas,350000,D,9/20/16
4155204851,4155207614,DRUG DELIVERY,NO,Peggy Chiampas,50000,D,9/20/16
4155204705,4155207615,DRUG DELIVERY,NO,Peggy Chiampas,100000,D,9/20/16
4155204705,4155207616,DRUG POSSESSION,NO,Peggy Chiampas,100000,D,9/20/16
4155204168,4155207618,DRUG DELIVERY,NO,Peggy Chiampas,350000,D,9/20/16
4155204168,4155207619,DRUG DELIVERY,NO,Peggy Chiampas,350000,D,9/20/16
4155204168,4155207620,WEAPON RELATED,NO,Peggy Chiampas,350000,D,9/20/16
4155205376,4155207623,WEAPON RELATED,NO,Peggy Chiampas,500000,D,9/20/16
4155205376,4155207624,TRAFFIC MAJOR,NO,Peggy Chiampas,500000,D,9/20/16
4155204840,4155207625,THEFT,NO,Peggy Chiampas,25000,D,9/20/16
4155205101,4155207626,DRUG DELIVERY,NO,Peggy Chiampas,75000,D,9/20/16
4155205199,4155207628,THEFT,NO,Peggy Chiampas,5000,D,9/20/16
4155205075,4155207629,BATTERY,YES,Peggy Chiampas,500000,D,9/20/16
4155204132,4155207638,DRUG POSSESSION,NO,Peggy Chiampas,150000,D,9/20/16
4155204667,4155207639,BATTERY,YES,Laura Sullivan,100000,D,9/21/16
4155203913,4155207640,DRUG POSSESSION,NO,Laura Sullivan,10000,D,9/21/16
4155204600,4155207641,DRUG POSSESSION,NO,Laura Sullivan,50000,D,9/21/16
4155204104,4155207648,THEFT,NO,Laura Sullivan,25000,D,9/21/16
4155203999,4155207651,DRUG DELIVERY,NO,Laura Sullivan,10000,D,9/21/16
4155205271,4155207656,DRUG DELIVERY,NO,Laura Sullivan,25000,D,9/21/16
4155204478,4155207661,DRUG POSSESSION,NO,Laura Sullivan,20000,D,9/21/16
4155205312,4155207662,DRUG POSSESSION,NO,Laura Sullivan,10000,D,9/21/16
4155205094,4155207666,DRUG DELIVERY,NO,Laura Sullivan,10000,D,9/21/16
4155205287,4155207670,WEAPON RELATED,NO,Laura Sullivan,100000,D,9/21/16
4155205287,4155207671,WEAPON RELATED,NO,Laura Sullivan,100000,D,9/21/16
4155204371,4155207673,BATTERY,YES,Laura Sullivan,100000,D,9/21/16
4155204371,4155207674,WEAPON RELATED,NO,Laura Sullivan,100000,D,9/21/16
4155205158,4155207675,DRUG POSSESSION,NO,Laura Sullivan,20000,D,9/21/16
4155204580,4155207678,DRUG POSSESSION,NO,Laura Sullivan,50000,D,9/21/16
4155204580,4155207679,WEAPON RELATED,NO,Laura Sullivan,50000,D,9/21/16
4155205110,4155207680,THEFT,NO,Laura Sullivan,25000,D,9/21/16
4155203997,4155207681,WEAPON RELATED,NO,Laura Sullivan,5000,D,9/21/16
4155203884,4155207682,BATTERY,YES,Laura Sullivan,50000,D,9/21/16
4155203884,4155207683,DRUG POSSESSION,NO,Laura Sullivan,50000,D,9/21/16
4155203911,4155207684,BATTERY,YES,Laura Sullivan,150000,D,9/21/16
4155203911,4155207685,WEAPON RELATED,NO,Laura Sullivan,150000,D,9/21/16
4155205438,4155207686,DRUG POSSESSION,NO,Laura Sullivan,30000,D,9/21/16
4155204396,4155207687,WEAPON RELATED,NO,Laura Sullivan,25000,D,9/21/16
4155204310,4155207689,DRUG POSSESSION,NO,Laura Sullivan,50000,D,9/21/16